{"accuracy/top1": 93.52351379394531, "accuracy/top5": 99.53739166259766, "data_time": 0.008676023018069384, "time": 0.06502132880978467}