{"coco/bbox_mAP": 0.786, "coco/bbox_mAP_50": 0.967, "coco/bbox_mAP_75": 0.948, "coco/bbox_mAP_s": -1.0, "coco/bbox_mAP_m": -1.0, "coco/bbox_mAP_l": 0.786, "data_time": 0.47666220231489703, "time": 0.5367295958779075}