{"coco/AP": 0.7606922548479119, "coco/AP .5": 1.0, "coco/AP .75": 0.96982555398397, "coco/AP (M)": -1.0, "coco/AP (L)": 0.7606922548479119, "coco/AR": 0.7857142857142858, "coco/AR .5": 1.0, "coco/AR .75": 0.9761904761904762, "coco/AR (M)": -1.0, "coco/AR (L)": 0.7857142857142858, "PCK": 0.978458049886621, "AUC": 0.14495464852607712, "NME": 0.03921844413221018, "data_time": 1.601521412531535, "time": 1.6545767386754353}